"SchoolID","SchoolCampus"
"F02K7A4X","Houston"
"F02K7A4X","Dallas"
"ZGFQX77K","Boston"
"ORPQMQ6W","Santa Barbara"
"ORPQMQ6W","Berkeley"
"ZGFQX77K","Amherst"
"A77DVZPV","Springfield"
"A77DVZPV","Urbana-Champaign"
"A77DVZPV","Chicago"
"ORPQMQ6W","Los Angeles"
"F02K7A4X","Austin"
"ORPQMQ6W","Davis"
"2LMXJNVR","Tampa"
"2LMXJNVR","Orlando"
"ZGFQX77K","Dartmouth"
"ZGFQX77K","Lowell"
"2LMXJNVR","Miami"
"F02K7A4X","San Antonio"
"2LMXJNVR","Gainesville"